{
  "path": {
    "7": "M213.682 436.074L201.532 549.687C201.228 552.725 203.355 555.307 206.24 555.762L304.956 570.799C308.145 571.255 311.031 568.977 311.334 565.787L324.395 443.972C324.699 440.782 322.421 438.048 319.232 437.745L219.605 430.758C216.567 430.91 213.986 433.188 213.682 436.074Z",
    "6": "M325.155 573.989L514.993 603C518.03 603.456 520.764 601.481 521.371 598.443C524.409 582.951 532.913 533.89 538.685 458.857C538.988 455.819 536.558 453.085 533.521 452.782L339.734 439.263C336.697 439.112 334.115 441.238 333.811 444.276L320.599 567.762C320.143 570.951 322.117 573.533 325.155 573.989Z",
    "5": "M427.667 436.378L533.977 443.82C537.014 443.972 539.748 441.694 539.899 438.656C542.178 403.873 543.696 364.078 544 320.182C544 317.145 541.57 314.562 538.381 314.562L427.971 314.562C424.934 314.562 422.352 317.145 422.352 320.182L422.352 430.91C422.352 433.796 424.63 436.226 427.667 436.378Z",
    "4": "M427.971 305.449L538.381 305.449C541.418 305.449 544 302.867 544 299.829C543.848 260.186 542.481 223.429 540.659 190.165C540.507 187.127 537.773 184.697 534.736 184.849L427.667 191.38C424.782 191.532 422.352 193.962 422.352 197L422.352 299.829C422.352 302.867 424.934 305.449 427.971 305.449Z",
    "3": "M539.444 169.812C533.673 82.1721 524.257 22.3277 521.219 4.70859C520.764 1.6708 517.878 -0.303754 514.841 0.151913L251.346 42.8328C248.46 43.2884 246.334 46.0224 246.638 48.9083L261.217 186.976C261.521 190.013 264.103 192.14 267.14 191.988L534.128 175.736C537.318 175.584 539.596 172.85 539.444 169.812Z",
    "2": "M251.953 186.976L237.525 50.8829C237.222 47.6932 234.184 45.4149 230.995 45.8705L127.875 62.5783C124.989 63.034 122.863 65.768 123.167 68.6539L136.38 194.418C136.683 197.456 139.265 199.582 142.303 199.43L246.638 193.051C249.979 193.051 252.257 190.165 251.953 186.976Z",
    "1": "M107.828 65.9199L4.70804 82.6277C1.67062 83.0834 -0.455567 85.9693 4.47645e-05 89.007C2.2781 103.133 8.0492 143.535 11.846 201.861C11.9978 204.898 14.7315 207.329 17.7689 207.025L122.104 200.646C125.293 200.494 127.723 197.608 127.267 194.418L114.207 70.7803C114.055 67.5907 111.017 65.4642 107.828 65.9199Z"
  },
  "pos": {
    "1": {
      "x": 100,
      "y": 130
    },
    "2": {
      "x": 220,
      "y": 120
    },
    "3": {
      "x": 425,
      "y": 100
    },
    "4": {
      "x": 515,
      "y": 250
    },
    "5": {
      "x": 515,
      "y": 370
    },
    "6": {
      "x": 450,
      "y": 500
    },
    "7": {
      "x": 300,
      "y": 490
    }
  },
  "discoBallPos": {
    "1": {
      "x": -209,
      "y": -165
    },
    "2": {
      "x": -85,
      "y": -179
    },
    "3": {
      "x": 121,
      "y": -206
    },
    "4": {
      "x": 212,
      "y": -57
    },
    "5": {
      "x": 212,
      "y": 78
    },
    "6": {
      "x": 158,
      "y": 220
    },
    "7": {
      "x": -9,
      "y": 200
    }
  }
}